C:\Users\G\Documents\TEC\Maestria\5 abril-julio 2023\Navegación autónoma\entregas\5\simulator-windows-64\DATA2\EXTRAS 2\IMG\center_2023_06_19_18_38_00_756.jpg, C:\Users\G\Documents\TEC\Maestria\5 abril-julio 2023\Navegación autónoma\entregas\5\simulator-windows-64\DATA2\EXTRAS 2\IMG\left_2023_06_19_18_38_00_756.jpg, C:\Users\G\Documents\TEC\Maestria\5 abril-julio 2023\Navegación autónoma\entregas\5\simulator-windows-64\DATA2\EXTRAS 2\IMG\right_2023_06_19_18_38_00_756.jpg, 0.3800873, 0.5540397, 0, 13.94216
C:\Users\G\Documents\TEC\Maestria\5 abril-julio 2023\Navegación autónoma\entregas\5\simulator-windows-64\DATA2\EXTRAS 2\IMG\center_2023_06_19_18_38_00_860.jpg, C:\Users\G\Documents\TEC\Maestria\5 abril-julio 2023\Navegación autónoma\entregas\5\simulator-windows-64\DATA2\EXTRAS 2\IMG\left_2023_06_19_18_38_00_860.jpg, C:\Users\G\Documents\TEC\Maestria\5 abril-julio 2023\Navegación autónoma\entregas\5\simulator-windows-64\DATA2\EXTRAS 2\IMG\right_2023_06_19_18_38_00_860.jpg, 0.1610046, 0.8658788, 0, 14.67394
C:\Users\G\Documents\TEC\Maestria\5 abril-julio 2023\Navegación autónoma\entregas\5\simulator-windows-64\DATA2\EXTRAS 2\IMG\center_2023_06_19_18_38_00_960.jpg, C:\Users\G\Documents\TEC\Maestria\5 abril-julio 2023\Navegación autónoma\entregas\5\simulator-windows-64\DATA2\EXTRAS 2\IMG\left_2023_06_19_18_38_00_960.jpg, C:\Users\G\Documents\TEC\Maestria\5 abril-julio 2023\Navegación autónoma\entregas\5\simulator-windows-64\DATA2\EXTRAS 2\IMG\right_2023_06_19_18_38_00_960.jpg, 0, 1, 0, 15.76379
C:\Users\G\Documents\TEC\Maestria\5 abril-julio 2023\Navegación autónoma\entregas\5\simulator-windows-64\DATA2\EXTRAS 2\IMG\center_2023_06_19_18_38_01_064.jpg, C:\Users\G\Documents\TEC\Maestria\5 abril-julio 2023\Navegación autónoma\entregas\5\simulator-windows-64\DATA2\EXTRAS 2\IMG\left_2023_06_19_18_38_01_064.jpg, C:\Users\G\Documents\TEC\Maestria\5 abril-julio 2023\Navegación autónoma\entregas\5\simulator-windows-64\DATA2\EXTRAS 2\IMG\right_2023_06_19_18_38_01_064.jpg, 0, 1, 0, 16.70538
C:\Users\G\Documents\TEC\Maestria\5 abril-julio 2023\Navegación autónoma\entregas\5\simulator-windows-64\DATA2\EXTRAS 2\IMG\center_2023_06_19_18_38_01_164.jpg, C:\Users\G\Documents\TEC\Maestria\5 abril-julio 2023\Navegación autónoma\entregas\5\simulator-windows-64\DATA2\EXTRAS 2\IMG\left_2023_06_19_18_38_01_164.jpg, C:\Users\G\Documents\TEC\Maestria\5 abril-julio 2023\Navegación autónoma\entregas\5\simulator-windows-64\DATA2\EXTRAS 2\IMG\right_2023_06_19_18_38_01_164.jpg, 0, 1, 0, 17.89952
C:\Users\G\Documents\TEC\Maestria\5 abril-julio 2023\Navegación autónoma\entregas\5\simulator-windows-64\DATA2\EXTRAS 2\IMG\center_2023_06_19_18_38_01_266.jpg, C:\Users\G\Documents\TEC\Maestria\5 abril-julio 2023\Navegación autónoma\entregas\5\simulator-windows-64\DATA2\EXTRAS 2\IMG\left_2023_06_19_18_38_01_266.jpg, C:\Users\G\Documents\TEC\Maestria\5 abril-julio 2023\Navegación autónoma\entregas\5\simulator-windows-64\DATA2\EXTRAS 2\IMG\right_2023_06_19_18_38_01_266.jpg, 0, 1, 0, 18.77766
C:\Users\G\Documents\TEC\Maestria\5 abril-julio 2023\Navegación autónoma\entregas\5\simulator-windows-64\DATA2\EXTRAS 2\IMG\center_2023_06_19_18_38_01_369.jpg, C:\Users\G\Documents\TEC\Maestria\5 abril-julio 2023\Navegación autónoma\entregas\5\simulator-windows-64\DATA2\EXTRAS 2\IMG\left_2023_06_19_18_38_01_369.jpg, C:\Users\G\Documents\TEC\Maestria\5 abril-julio 2023\Navegación autónoma\entregas\5\simulator-windows-64\DATA2\EXTRAS 2\IMG\right_2023_06_19_18_38_01_369.jpg, 0, 1, 0, 19.93213
C:\Users\G\Documents\TEC\Maestria\5 abril-julio 2023\Navegación autónoma\entregas\5\simulator-windows-64\DATA2\EXTRAS 2\IMG\center_2023_06_19_18_38_01_471.jpg, C:\Users\G\Documents\TEC\Maestria\5 abril-julio 2023\Navegación autónoma\entregas\5\simulator-windows-64\DATA2\EXTRAS 2\IMG\left_2023_06_19_18_38_01_471.jpg, C:\Users\G\Documents\TEC\Maestria\5 abril-julio 2023\Navegación autónoma\entregas\5\simulator-windows-64\DATA2\EXTRAS 2\IMG\right_2023_06_19_18_38_01_471.jpg, -0.08634751, 1, 0, 20.84151
C:\Users\G\Documents\TEC\Maestria\5 abril-julio 2023\Navegación autónoma\entregas\5\simulator-windows-64\DATA2\EXTRAS 2\IMG\center_2023_06_19_18_38_01_576.jpg, C:\Users\G\Documents\TEC\Maestria\5 abril-julio 2023\Navegación autónoma\entregas\5\simulator-windows-64\DATA2\EXTRAS 2\IMG\left_2023_06_19_18_38_01_576.jpg, C:\Users\G\Documents\TEC\Maestria\5 abril-julio 2023\Navegación autónoma\entregas\5\simulator-windows-64\DATA2\EXTRAS 2\IMG\right_2023_06_19_18_38_01_576.jpg, -0.06043738, 1, 0, 22.02782
C:\Users\G\Documents\TEC\Maestria\5 abril-julio 2023\Navegación autónoma\entregas\5\simulator-windows-64\DATA2\EXTRAS 2\IMG\center_2023_06_19_18_38_01_677.jpg, C:\Users\G\Documents\TEC\Maestria\5 abril-julio 2023\Navegación autónoma\entregas\5\simulator-windows-64\DATA2\EXTRAS 2\IMG\left_2023_06_19_18_38_01_677.jpg, C:\Users\G\Documents\TEC\Maestria\5 abril-julio 2023\Navegación autónoma\entregas\5\simulator-windows-64\DATA2\EXTRAS 2\IMG\right_2023_06_19_18_38_01_677.jpg, 0, 1, 0, 23.04342
C:\Users\G\Documents\TEC\Maestria\5 abril-julio 2023\Navegación autónoma\entregas\5\simulator-windows-64\DATA2\EXTRAS 2\IMG\center_2023_06_19_18_38_05_825.jpg, C:\Users\G\Documents\TEC\Maestria\5 abril-julio 2023\Navegación autónoma\entregas\5\simulator-windows-64\DATA2\EXTRAS 2\IMG\left_2023_06_19_18_38_05_825.jpg, C:\Users\G\Documents\TEC\Maestria\5 abril-julio 2023\Navegación autónoma\entregas\5\simulator-windows-64\DATA2\EXTRAS 2\IMG\right_2023_06_19_18_38_05_825.jpg, 0.5020836, 1, 0, 30.14221
C:\Users\G\Documents\TEC\Maestria\5 abril-julio 2023\Navegación autónoma\entregas\5\simulator-windows-64\DATA2\EXTRAS 2\IMG\center_2023_06_19_18_38_05_931.jpg, C:\Users\G\Documents\TEC\Maestria\5 abril-julio 2023\Navegación autónoma\entregas\5\simulator-windows-64\DATA2\EXTRAS 2\IMG\left_2023_06_19_18_38_05_931.jpg, C:\Users\G\Documents\TEC\Maestria\5 abril-julio 2023\Navegación autónoma\entregas\5\simulator-windows-64\DATA2\EXTRAS 2\IMG\right_2023_06_19_18_38_05_931.jpg, 0.2418045, 1, 0, 30.19203
C:\Users\G\Documents\TEC\Maestria\5 abril-julio 2023\Navegación autónoma\entregas\5\simulator-windows-64\DATA2\EXTRAS 2\IMG\center_2023_06_19_18_38_06_036.jpg, C:\Users\G\Documents\TEC\Maestria\5 abril-julio 2023\Navegación autónoma\entregas\5\simulator-windows-64\DATA2\EXTRAS 2\IMG\left_2023_06_19_18_38_06_036.jpg, C:\Users\G\Documents\TEC\Maestria\5 abril-julio 2023\Navegación autónoma\entregas\5\simulator-windows-64\DATA2\EXTRAS 2\IMG\right_2023_06_19_18_38_06_036.jpg, 0, 1, 0, 30.19188
C:\Users\G\Documents\TEC\Maestria\5 abril-julio 2023\Navegación autónoma\entregas\5\simulator-windows-64\DATA2\EXTRAS 2\IMG\center_2023_06_19_18_38_06_137.jpg, C:\Users\G\Documents\TEC\Maestria\5 abril-julio 2023\Navegación autónoma\entregas\5\simulator-windows-64\DATA2\EXTRAS 2\IMG\left_2023_06_19_18_38_06_137.jpg, C:\Users\G\Documents\TEC\Maestria\5 abril-julio 2023\Navegación autónoma\entregas\5\simulator-windows-64\DATA2\EXTRAS 2\IMG\right_2023_06_19_18_38_06_137.jpg, -0.0368898, 1, 0, 30.18896
C:\Users\G\Documents\TEC\Maestria\5 abril-julio 2023\Navegación autónoma\entregas\5\simulator-windows-64\DATA2\EXTRAS 2\IMG\center_2023_06_19_18_38_06_242.jpg, C:\Users\G\Documents\TEC\Maestria\5 abril-julio 2023\Navegación autónoma\entregas\5\simulator-windows-64\DATA2\EXTRAS 2\IMG\left_2023_06_19_18_38_06_242.jpg, C:\Users\G\Documents\TEC\Maestria\5 abril-julio 2023\Navegación autónoma\entregas\5\simulator-windows-64\DATA2\EXTRAS 2\IMG\right_2023_06_19_18_38_06_242.jpg, -0.3337914, 1, 0, 30.163
C:\Users\G\Documents\TEC\Maestria\5 abril-julio 2023\Navegación autónoma\entregas\5\simulator-windows-64\DATA2\EXTRAS 2\IMG\center_2023_06_19_18_38_06_342.jpg, C:\Users\G\Documents\TEC\Maestria\5 abril-julio 2023\Navegación autónoma\entregas\5\simulator-windows-64\DATA2\EXTRAS 2\IMG\left_2023_06_19_18_38_06_342.jpg, C:\Users\G\Documents\TEC\Maestria\5 abril-julio 2023\Navegación autónoma\entregas\5\simulator-windows-64\DATA2\EXTRAS 2\IMG\right_2023_06_19_18_38_06_342.jpg, -0.3692316, 1, 0, 30.1745
C:\Users\G\Documents\TEC\Maestria\5 abril-julio 2023\Navegación autónoma\entregas\5\simulator-windows-64\DATA2\EXTRAS 2\IMG\center_2023_06_19_18_38_06_444.jpg, C:\Users\G\Documents\TEC\Maestria\5 abril-julio 2023\Navegación autónoma\entregas\5\simulator-windows-64\DATA2\EXTRAS 2\IMG\left_2023_06_19_18_38_06_444.jpg, C:\Users\G\Documents\TEC\Maestria\5 abril-julio 2023\Navegación autónoma\entregas\5\simulator-windows-64\DATA2\EXTRAS 2\IMG\right_2023_06_19_18_38_06_444.jpg, -0.06662517, 1, 0, 30.19013
C:\Users\G\Documents\TEC\Maestria\5 abril-julio 2023\Navegación autónoma\entregas\5\simulator-windows-64\DATA2\EXTRAS 2\IMG\center_2023_06_19_18_38_09_321.jpg, C:\Users\G\Documents\TEC\Maestria\5 abril-julio 2023\Navegación autónoma\entregas\5\simulator-windows-64\DATA2\EXTRAS 2\IMG\left_2023_06_19_18_38_09_321.jpg, C:\Users\G\Documents\TEC\Maestria\5 abril-julio 2023\Navegación autónoma\entregas\5\simulator-windows-64\DATA2\EXTRAS 2\IMG\right_2023_06_19_18_38_09_321.jpg, 0.4591197, 1, 0, 30.15265
C:\Users\G\Documents\TEC\Maestria\5 abril-julio 2023\Navegación autónoma\entregas\5\simulator-windows-64\DATA2\EXTRAS 2\IMG\center_2023_06_19_18_38_09_426.jpg, C:\Users\G\Documents\TEC\Maestria\5 abril-julio 2023\Navegación autónoma\entregas\5\simulator-windows-64\DATA2\EXTRAS 2\IMG\left_2023_06_19_18_38_09_426.jpg, C:\Users\G\Documents\TEC\Maestria\5 abril-julio 2023\Navegación autónoma\entregas\5\simulator-windows-64\DATA2\EXTRAS 2\IMG\right_2023_06_19_18_38_09_426.jpg, 0.1652112, 1, 0, 30.19316
C:\Users\G\Documents\TEC\Maestria\5 abril-julio 2023\Navegación autónoma\entregas\5\simulator-windows-64\DATA2\EXTRAS 2\IMG\center_2023_06_19_18_38_09_532.jpg, C:\Users\G\Documents\TEC\Maestria\5 abril-julio 2023\Navegación autónoma\entregas\5\simulator-windows-64\DATA2\EXTRAS 2\IMG\left_2023_06_19_18_38_09_532.jpg, C:\Users\G\Documents\TEC\Maestria\5 abril-julio 2023\Navegación autónoma\entregas\5\simulator-windows-64\DATA2\EXTRAS 2\IMG\right_2023_06_19_18_38_09_532.jpg, 0, 1, 0, 30.18859
C:\Users\G\Documents\TEC\Maestria\5 abril-julio 2023\Navegación autónoma\entregas\5\simulator-windows-64\DATA2\EXTRAS 2\IMG\center_2023_06_19_18_38_09_634.jpg, C:\Users\G\Documents\TEC\Maestria\5 abril-julio 2023\Navegación autónoma\entregas\5\simulator-windows-64\DATA2\EXTRAS 2\IMG\left_2023_06_19_18_38_09_634.jpg, C:\Users\G\Documents\TEC\Maestria\5 abril-julio 2023\Navegación autónoma\entregas\5\simulator-windows-64\DATA2\EXTRAS 2\IMG\right_2023_06_19_18_38_09_634.jpg, -0.223125, 1, 0, 30.17022
C:\Users\G\Documents\TEC\Maestria\5 abril-julio 2023\Navegación autónoma\entregas\5\simulator-windows-64\DATA2\EXTRAS 2\IMG\center_2023_06_19_18_38_09_740.jpg, C:\Users\G\Documents\TEC\Maestria\5 abril-julio 2023\Navegación autónoma\entregas\5\simulator-windows-64\DATA2\EXTRAS 2\IMG\left_2023_06_19_18_38_09_740.jpg, C:\Users\G\Documents\TEC\Maestria\5 abril-julio 2023\Navegación autónoma\entregas\5\simulator-windows-64\DATA2\EXTRAS 2\IMG\right_2023_06_19_18_38_09_740.jpg, -0.5822179, 1, 0, 30.12592
C:\Users\G\Documents\TEC\Maestria\5 abril-julio 2023\Navegación autónoma\entregas\5\simulator-windows-64\DATA2\EXTRAS 2\IMG\center_2023_06_19_18_38_11_218.jpg, C:\Users\G\Documents\TEC\Maestria\5 abril-julio 2023\Navegación autónoma\entregas\5\simulator-windows-64\DATA2\EXTRAS 2\IMG\left_2023_06_19_18_38_11_218.jpg, C:\Users\G\Documents\TEC\Maestria\5 abril-julio 2023\Navegación autónoma\entregas\5\simulator-windows-64\DATA2\EXTRAS 2\IMG\right_2023_06_19_18_38_11_218.jpg, 0.3971222, 1, 0, 30.15749
C:\Users\G\Documents\TEC\Maestria\5 abril-julio 2023\Navegación autónoma\entregas\5\simulator-windows-64\DATA2\EXTRAS 2\IMG\center_2023_06_19_18_38_11_325.jpg, C:\Users\G\Documents\TEC\Maestria\5 abril-julio 2023\Navegación autónoma\entregas\5\simulator-windows-64\DATA2\EXTRAS 2\IMG\left_2023_06_19_18_38_11_325.jpg, C:\Users\G\Documents\TEC\Maestria\5 abril-julio 2023\Navegación autónoma\entregas\5\simulator-windows-64\DATA2\EXTRAS 2\IMG\right_2023_06_19_18_38_11_325.jpg, 0.09855169, 1, 0, 30.19169
C:\Users\G\Documents\TEC\Maestria\5 abril-julio 2023\Navegación autónoma\entregas\5\simulator-windows-64\DATA2\EXTRAS 2\IMG\center_2023_06_19_18_38_11_428.jpg, C:\Users\G\Documents\TEC\Maestria\5 abril-julio 2023\Navegación autónoma\entregas\5\simulator-windows-64\DATA2\EXTRAS 2\IMG\left_2023_06_19_18_38_11_428.jpg, C:\Users\G\Documents\TEC\Maestria\5 abril-julio 2023\Navegación autónoma\entregas\5\simulator-windows-64\DATA2\EXTRAS 2\IMG\right_2023_06_19_18_38_11_428.jpg, 0, 1, 0, 30.18944
C:\Users\G\Documents\TEC\Maestria\5 abril-julio 2023\Navegación autónoma\entregas\5\simulator-windows-64\DATA2\EXTRAS 2\IMG\center_2023_06_19_18_38_11_529.jpg, C:\Users\G\Documents\TEC\Maestria\5 abril-julio 2023\Navegación autónoma\entregas\5\simulator-windows-64\DATA2\EXTRAS 2\IMG\left_2023_06_19_18_38_11_529.jpg, C:\Users\G\Documents\TEC\Maestria\5 abril-julio 2023\Navegación autónoma\entregas\5\simulator-windows-64\DATA2\EXTRAS 2\IMG\right_2023_06_19_18_38_11_529.jpg, 0, 1, 0, 30.19043
C:\Users\G\Documents\TEC\Maestria\5 abril-julio 2023\Navegación autónoma\entregas\5\simulator-windows-64\DATA2\EXTRAS 2\IMG\center_2023_06_19_18_38_11_636.jpg, C:\Users\G\Documents\TEC\Maestria\5 abril-julio 2023\Navegación autónoma\entregas\5\simulator-windows-64\DATA2\EXTRAS 2\IMG\left_2023_06_19_18_38_11_636.jpg, C:\Users\G\Documents\TEC\Maestria\5 abril-julio 2023\Navegación autónoma\entregas\5\simulator-windows-64\DATA2\EXTRAS 2\IMG\right_2023_06_19_18_38_11_636.jpg, 0, 1, 0, 30.19076
C:\Users\G\Documents\TEC\Maestria\5 abril-julio 2023\Navegación autónoma\entregas\5\simulator-windows-64\DATA2\EXTRAS 2\IMG\center_2023_06_19_18_38_11_736.jpg, C:\Users\G\Documents\TEC\Maestria\5 abril-julio 2023\Navegación autónoma\entregas\5\simulator-windows-64\DATA2\EXTRAS 2\IMG\left_2023_06_19_18_38_11_736.jpg, C:\Users\G\Documents\TEC\Maestria\5 abril-julio 2023\Navegación autónoma\entregas\5\simulator-windows-64\DATA2\EXTRAS 2\IMG\right_2023_06_19_18_38_11_736.jpg, 0, 1, 0, 30.19069
C:\Users\G\Documents\TEC\Maestria\5 abril-julio 2023\Navegación autónoma\entregas\5\simulator-windows-64\DATA2\EXTRAS 2\IMG\center_2023_06_19_18_38_11_838.jpg, C:\Users\G\Documents\TEC\Maestria\5 abril-julio 2023\Navegación autónoma\entregas\5\simulator-windows-64\DATA2\EXTRAS 2\IMG\left_2023_06_19_18_38_11_838.jpg, C:\Users\G\Documents\TEC\Maestria\5 abril-julio 2023\Navegación autónoma\entregas\5\simulator-windows-64\DATA2\EXTRAS 2\IMG\right_2023_06_19_18_38_11_838.jpg, -0.2215881, 1, 0, 30.1786
C:\Users\G\Documents\TEC\Maestria\5 abril-julio 2023\Navegación autónoma\entregas\5\simulator-windows-64\DATA2\EXTRAS 2\IMG\center_2023_06_19_18_38_11_944.jpg, C:\Users\G\Documents\TEC\Maestria\5 abril-julio 2023\Navegación autónoma\entregas\5\simulator-windows-64\DATA2\EXTRAS 2\IMG\left_2023_06_19_18_38_11_944.jpg, C:\Users\G\Documents\TEC\Maestria\5 abril-julio 2023\Navegación autónoma\entregas\5\simulator-windows-64\DATA2\EXTRAS 2\IMG\right_2023_06_19_18_38_11_944.jpg, -0.1492953, 1, 0, 30.18953
C:\Users\G\Documents\TEC\Maestria\5 abril-julio 2023\Navegación autónoma\entregas\5\simulator-windows-64\DATA2\EXTRAS 2\IMG\center_2023_06_19_18_38_12_051.jpg, C:\Users\G\Documents\TEC\Maestria\5 abril-julio 2023\Navegación autónoma\entregas\5\simulator-windows-64\DATA2\EXTRAS 2\IMG\left_2023_06_19_18_38_12_051.jpg, C:\Users\G\Documents\TEC\Maestria\5 abril-julio 2023\Navegación autónoma\entregas\5\simulator-windows-64\DATA2\EXTRAS 2\IMG\right_2023_06_19_18_38_12_051.jpg, 0, 1, 0, 30.1895
C:\Users\G\Documents\TEC\Maestria\5 abril-julio 2023\Navegación autónoma\entregas\5\simulator-windows-64\DATA2\EXTRAS 2\IMG\center_2023_06_19_18_38_12_155.jpg, C:\Users\G\Documents\TEC\Maestria\5 abril-julio 2023\Navegación autónoma\entregas\5\simulator-windows-64\DATA2\EXTRAS 2\IMG\left_2023_06_19_18_38_12_155.jpg, C:\Users\G\Documents\TEC\Maestria\5 abril-julio 2023\Navegación autónoma\entregas\5\simulator-windows-64\DATA2\EXTRAS 2\IMG\right_2023_06_19_18_38_12_155.jpg, 0, 1, 0, 30.18991
C:\Users\G\Documents\TEC\Maestria\5 abril-julio 2023\Navegación autónoma\entregas\5\simulator-windows-64\DATA2\EXTRAS 2\IMG\center_2023_06_19_18_38_14_405.jpg, C:\Users\G\Documents\TEC\Maestria\5 abril-julio 2023\Navegación autónoma\entregas\5\simulator-windows-64\DATA2\EXTRAS 2\IMG\left_2023_06_19_18_38_14_405.jpg, C:\Users\G\Documents\TEC\Maestria\5 abril-julio 2023\Navegación autónoma\entregas\5\simulator-windows-64\DATA2\EXTRAS 2\IMG\right_2023_06_19_18_38_14_405.jpg, 0.4617816, 1, 0, 30.15453
C:\Users\G\Documents\TEC\Maestria\5 abril-julio 2023\Navegación autónoma\entregas\5\simulator-windows-64\DATA2\EXTRAS 2\IMG\center_2023_06_19_18_38_14_508.jpg, C:\Users\G\Documents\TEC\Maestria\5 abril-julio 2023\Navegación autónoma\entregas\5\simulator-windows-64\DATA2\EXTRAS 2\IMG\left_2023_06_19_18_38_14_508.jpg, C:\Users\G\Documents\TEC\Maestria\5 abril-julio 2023\Navegación autónoma\entregas\5\simulator-windows-64\DATA2\EXTRAS 2\IMG\right_2023_06_19_18_38_14_508.jpg, 0.1510766, 1, 0, 30.19349
C:\Users\G\Documents\TEC\Maestria\5 abril-julio 2023\Navegación autónoma\entregas\5\simulator-windows-64\DATA2\EXTRAS 2\IMG\center_2023_06_19_18_38_14_615.jpg, C:\Users\G\Documents\TEC\Maestria\5 abril-julio 2023\Navegación autónoma\entregas\5\simulator-windows-64\DATA2\EXTRAS 2\IMG\left_2023_06_19_18_38_14_615.jpg, C:\Users\G\Documents\TEC\Maestria\5 abril-julio 2023\Navegación autónoma\entregas\5\simulator-windows-64\DATA2\EXTRAS 2\IMG\right_2023_06_19_18_38_14_615.jpg, 0, 1, 0, 30.18889
C:\Users\G\Documents\TEC\Maestria\5 abril-julio 2023\Navegación autónoma\entregas\5\simulator-windows-64\DATA2\EXTRAS 2\IMG\center_2023_06_19_18_38_14_721.jpg, C:\Users\G\Documents\TEC\Maestria\5 abril-julio 2023\Navegación autónoma\entregas\5\simulator-windows-64\DATA2\EXTRAS 2\IMG\left_2023_06_19_18_38_14_721.jpg, C:\Users\G\Documents\TEC\Maestria\5 abril-julio 2023\Navegación autónoma\entregas\5\simulator-windows-64\DATA2\EXTRAS 2\IMG\right_2023_06_19_18_38_14_721.jpg, -0.1344282, 1, 0, 30.18241
C:\Users\G\Documents\TEC\Maestria\5 abril-julio 2023\Navegación autónoma\entregas\5\simulator-windows-64\DATA2\EXTRAS 2\IMG\center_2023_06_19_18_38_14_826.jpg, C:\Users\G\Documents\TEC\Maestria\5 abril-julio 2023\Navegación autónoma\entregas\5\simulator-windows-64\DATA2\EXTRAS 2\IMG\left_2023_06_19_18_38_14_826.jpg, C:\Users\G\Documents\TEC\Maestria\5 abril-julio 2023\Navegación autónoma\entregas\5\simulator-windows-64\DATA2\EXTRAS 2\IMG\right_2023_06_19_18_38_14_826.jpg, -0.3851658, 1, 0, 30.15557
C:\Users\G\Documents\TEC\Maestria\5 abril-julio 2023\Navegación autónoma\entregas\5\simulator-windows-64\DATA2\EXTRAS 2\IMG\center_2023_06_19_18_38_14_928.jpg, C:\Users\G\Documents\TEC\Maestria\5 abril-julio 2023\Navegación autónoma\entregas\5\simulator-windows-64\DATA2\EXTRAS 2\IMG\left_2023_06_19_18_38_14_928.jpg, C:\Users\G\Documents\TEC\Maestria\5 abril-julio 2023\Navegación autónoma\entregas\5\simulator-windows-64\DATA2\EXTRAS 2\IMG\right_2023_06_19_18_38_14_928.jpg, -0.08019187, 1, 0, 30.19099
C:\Users\G\Documents\TEC\Maestria\5 abril-julio 2023\Navegación autónoma\entregas\5\simulator-windows-64\DATA2\EXTRAS 2\IMG\center_2023_06_19_18_38_15_030.jpg, C:\Users\G\Documents\TEC\Maestria\5 abril-julio 2023\Navegación autónoma\entregas\5\simulator-windows-64\DATA2\EXTRAS 2\IMG\left_2023_06_19_18_38_15_030.jpg, C:\Users\G\Documents\TEC\Maestria\5 abril-julio 2023\Navegación autónoma\entregas\5\simulator-windows-64\DATA2\EXTRAS 2\IMG\right_2023_06_19_18_38_15_030.jpg, 0, 1, 0, 30.19155
C:\Users\G\Documents\TEC\Maestria\5 abril-julio 2023\Navegación autónoma\entregas\5\simulator-windows-64\DATA2\EXTRAS 2\IMG\center_2023_06_19_18_38_15_131.jpg, C:\Users\G\Documents\TEC\Maestria\5 abril-julio 2023\Navegación autónoma\entregas\5\simulator-windows-64\DATA2\EXTRAS 2\IMG\left_2023_06_19_18_38_15_131.jpg, C:\Users\G\Documents\TEC\Maestria\5 abril-julio 2023\Navegación autónoma\entregas\5\simulator-windows-64\DATA2\EXTRAS 2\IMG\right_2023_06_19_18_38_15_131.jpg, -0.2624094, 1, 0, 30.1775
C:\Users\G\Documents\TEC\Maestria\5 abril-julio 2023\Navegación autónoma\entregas\5\simulator-windows-64\DATA2\EXTRAS 2\IMG\center_2023_06_19_18_38_15_238.jpg, C:\Users\G\Documents\TEC\Maestria\5 abril-julio 2023\Navegación autónoma\entregas\5\simulator-windows-64\DATA2\EXTRAS 2\IMG\left_2023_06_19_18_38_15_238.jpg, C:\Users\G\Documents\TEC\Maestria\5 abril-julio 2023\Navegación autónoma\entregas\5\simulator-windows-64\DATA2\EXTRAS 2\IMG\right_2023_06_19_18_38_15_238.jpg, -0.07283005, 1, 0, 30.19136
C:\Users\G\Documents\TEC\Maestria\5 abril-julio 2023\Navegación autónoma\entregas\5\simulator-windows-64\DATA2\EXTRAS 2\IMG\center_2023_06_19_18_38_15_342.jpg, C:\Users\G\Documents\TEC\Maestria\5 abril-julio 2023\Navegación autónoma\entregas\5\simulator-windows-64\DATA2\EXTRAS 2\IMG\left_2023_06_19_18_38_15_342.jpg, C:\Users\G\Documents\TEC\Maestria\5 abril-julio 2023\Navegación autónoma\entregas\5\simulator-windows-64\DATA2\EXTRAS 2\IMG\right_2023_06_19_18_38_15_342.jpg, 0, 1, 0, 30.18973
C:\Users\G\Documents\TEC\Maestria\5 abril-julio 2023\Navegación autónoma\entregas\5\simulator-windows-64\DATA2\EXTRAS 2\IMG\center_2023_06_19_18_38_15_447.jpg, C:\Users\G\Documents\TEC\Maestria\5 abril-julio 2023\Navegación autónoma\entregas\5\simulator-windows-64\DATA2\EXTRAS 2\IMG\left_2023_06_19_18_38_15_447.jpg, C:\Users\G\Documents\TEC\Maestria\5 abril-julio 2023\Navegación autónoma\entregas\5\simulator-windows-64\DATA2\EXTRAS 2\IMG\right_2023_06_19_18_38_15_447.jpg, 0.0836646, 1, 0, 30.18742
C:\Users\G\Documents\TEC\Maestria\5 abril-julio 2023\Navegación autónoma\entregas\5\simulator-windows-64\DATA2\EXTRAS 2\IMG\center_2023_06_19_18_38_15_553.jpg, C:\Users\G\Documents\TEC\Maestria\5 abril-julio 2023\Navegación autónoma\entregas\5\simulator-windows-64\DATA2\EXTRAS 2\IMG\left_2023_06_19_18_38_15_553.jpg, C:\Users\G\Documents\TEC\Maestria\5 abril-julio 2023\Navegación autónoma\entregas\5\simulator-windows-64\DATA2\EXTRAS 2\IMG\right_2023_06_19_18_38_15_553.jpg, 0, 1, 0, 30.19016
C:\Users\G\Documents\TEC\Maestria\5 abril-julio 2023\Navegación autónoma\entregas\5\simulator-windows-64\DATA2\EXTRAS 2\IMG\center_2023_06_19_18_38_15_657.jpg, C:\Users\G\Documents\TEC\Maestria\5 abril-julio 2023\Navegación autónoma\entregas\5\simulator-windows-64\DATA2\EXTRAS 2\IMG\left_2023_06_19_18_38_15_657.jpg, C:\Users\G\Documents\TEC\Maestria\5 abril-julio 2023\Navegación autónoma\entregas\5\simulator-windows-64\DATA2\EXTRAS 2\IMG\right_2023_06_19_18_38_15_657.jpg, 0, 1, 0, 30.19025
C:\Users\G\Documents\TEC\Maestria\5 abril-julio 2023\Navegación autónoma\entregas\5\simulator-windows-64\DATA2\EXTRAS 2\IMG\center_2023_06_19_18_38_17_950.jpg, C:\Users\G\Documents\TEC\Maestria\5 abril-julio 2023\Navegación autónoma\entregas\5\simulator-windows-64\DATA2\EXTRAS 2\IMG\left_2023_06_19_18_38_17_950.jpg, C:\Users\G\Documents\TEC\Maestria\5 abril-julio 2023\Navegación autónoma\entregas\5\simulator-windows-64\DATA2\EXTRAS 2\IMG\right_2023_06_19_18_38_17_950.jpg, 0.2813958, 1, 0, 30.18465
C:\Users\G\Documents\TEC\Maestria\5 abril-julio 2023\Navegación autónoma\entregas\5\simulator-windows-64\DATA2\EXTRAS 2\IMG\center_2023_06_19_18_38_18_052.jpg, C:\Users\G\Documents\TEC\Maestria\5 abril-julio 2023\Navegación autónoma\entregas\5\simulator-windows-64\DATA2\EXTRAS 2\IMG\left_2023_06_19_18_38_18_052.jpg, C:\Users\G\Documents\TEC\Maestria\5 abril-julio 2023\Navegación autónoma\entregas\5\simulator-windows-64\DATA2\EXTRAS 2\IMG\right_2023_06_19_18_38_18_052.jpg, 0, 1, 0, 30.18758
C:\Users\G\Documents\TEC\Maestria\5 abril-julio 2023\Navegación autónoma\entregas\5\simulator-windows-64\DATA2\EXTRAS 2\IMG\center_2023_06_19_18_38_18_157.jpg, C:\Users\G\Documents\TEC\Maestria\5 abril-julio 2023\Navegación autónoma\entregas\5\simulator-windows-64\DATA2\EXTRAS 2\IMG\left_2023_06_19_18_38_18_157.jpg, C:\Users\G\Documents\TEC\Maestria\5 abril-julio 2023\Navegación autónoma\entregas\5\simulator-windows-64\DATA2\EXTRAS 2\IMG\right_2023_06_19_18_38_18_157.jpg, 0, 1, 0, 30.19044
C:\Users\G\Documents\TEC\Maestria\5 abril-julio 2023\Navegación autónoma\entregas\5\simulator-windows-64\DATA2\EXTRAS 2\IMG\center_2023_06_19_18_38_18_261.jpg, C:\Users\G\Documents\TEC\Maestria\5 abril-julio 2023\Navegación autónoma\entregas\5\simulator-windows-64\DATA2\EXTRAS 2\IMG\left_2023_06_19_18_38_18_261.jpg, C:\Users\G\Documents\TEC\Maestria\5 abril-julio 2023\Navegación autónoma\entregas\5\simulator-windows-64\DATA2\EXTRAS 2\IMG\right_2023_06_19_18_38_18_261.jpg, -0.062736, 1, 0, 30.18927
C:\Users\G\Documents\TEC\Maestria\5 abril-julio 2023\Navegación autónoma\entregas\5\simulator-windows-64\DATA2\EXTRAS 2\IMG\center_2023_06_19_18_38_18_362.jpg, C:\Users\G\Documents\TEC\Maestria\5 abril-julio 2023\Navegación autónoma\entregas\5\simulator-windows-64\DATA2\EXTRAS 2\IMG\left_2023_06_19_18_38_18_362.jpg, C:\Users\G\Documents\TEC\Maestria\5 abril-julio 2023\Navegación autónoma\entregas\5\simulator-windows-64\DATA2\EXTRAS 2\IMG\right_2023_06_19_18_38_18_362.jpg, -0.3061551, 1, 0, 30.16784
C:\Users\G\Documents\TEC\Maestria\5 abril-julio 2023\Navegación autónoma\entregas\5\simulator-windows-64\DATA2\EXTRAS 2\IMG\center_2023_06_19_18_38_18_463.jpg, C:\Users\G\Documents\TEC\Maestria\5 abril-julio 2023\Navegación autónoma\entregas\5\simulator-windows-64\DATA2\EXTRAS 2\IMG\left_2023_06_19_18_38_18_463.jpg, C:\Users\G\Documents\TEC\Maestria\5 abril-julio 2023\Navegación autónoma\entregas\5\simulator-windows-64\DATA2\EXTRAS 2\IMG\right_2023_06_19_18_38_18_463.jpg, -0.003794981, 1, 0, 30.19021
C:\Users\G\Documents\TEC\Maestria\5 abril-julio 2023\Navegación autónoma\entregas\5\simulator-windows-64\DATA2\EXTRAS 2\IMG\center_2023_06_19_18_38_18_568.jpg, C:\Users\G\Documents\TEC\Maestria\5 abril-julio 2023\Navegación autónoma\entregas\5\simulator-windows-64\DATA2\EXTRAS 2\IMG\left_2023_06_19_18_38_18_568.jpg, C:\Users\G\Documents\TEC\Maestria\5 abril-julio 2023\Navegación autónoma\entregas\5\simulator-windows-64\DATA2\EXTRAS 2\IMG\right_2023_06_19_18_38_18_568.jpg, 0, 1, 0, 30.18988
C:\Users\G\Documents\TEC\Maestria\5 abril-julio 2023\Navegación autónoma\entregas\5\simulator-windows-64\DATA2\EXTRAS 2\IMG\center_2023_06_19_18_38_18_672.jpg, C:\Users\G\Documents\TEC\Maestria\5 abril-julio 2023\Navegación autónoma\entregas\5\simulator-windows-64\DATA2\EXTRAS 2\IMG\left_2023_06_19_18_38_18_672.jpg, C:\Users\G\Documents\TEC\Maestria\5 abril-julio 2023\Navegación autónoma\entregas\5\simulator-windows-64\DATA2\EXTRAS 2\IMG\right_2023_06_19_18_38_18_672.jpg, -0.2353506, 1, 0, 30.17908
C:\Users\G\Documents\TEC\Maestria\5 abril-julio 2023\Navegación autónoma\entregas\5\simulator-windows-64\DATA2\EXTRAS 2\IMG\center_2023_06_19_18_38_18_773.jpg, C:\Users\G\Documents\TEC\Maestria\5 abril-julio 2023\Navegación autónoma\entregas\5\simulator-windows-64\DATA2\EXTRAS 2\IMG\left_2023_06_19_18_38_18_773.jpg, C:\Users\G\Documents\TEC\Maestria\5 abril-julio 2023\Navegación autónoma\entregas\5\simulator-windows-64\DATA2\EXTRAS 2\IMG\right_2023_06_19_18_38_18_773.jpg, 0, 1, 0, 30.18888
C:\Users\G\Documents\TEC\Maestria\5 abril-julio 2023\Navegación autónoma\entregas\5\simulator-windows-64\DATA2\EXTRAS 2\IMG\center_2023_06_19_18_38_18_875.jpg, C:\Users\G\Documents\TEC\Maestria\5 abril-julio 2023\Navegación autónoma\entregas\5\simulator-windows-64\DATA2\EXTRAS 2\IMG\left_2023_06_19_18_38_18_875.jpg, C:\Users\G\Documents\TEC\Maestria\5 abril-julio 2023\Navegación autónoma\entregas\5\simulator-windows-64\DATA2\EXTRAS 2\IMG\right_2023_06_19_18_38_18_875.jpg, 0, 1, 0, 30.19011
C:\Users\G\Documents\TEC\Maestria\5 abril-julio 2023\Navegación autónoma\entregas\5\simulator-windows-64\DATA2\EXTRAS 2\IMG\center_2023_06_19_18_38_18_975.jpg, C:\Users\G\Documents\TEC\Maestria\5 abril-julio 2023\Navegación autónoma\entregas\5\simulator-windows-64\DATA2\EXTRAS 2\IMG\left_2023_06_19_18_38_18_975.jpg, C:\Users\G\Documents\TEC\Maestria\5 abril-julio 2023\Navegación autónoma\entregas\5\simulator-windows-64\DATA2\EXTRAS 2\IMG\right_2023_06_19_18_38_18_975.jpg, 0, 1, 0, 30.19033
C:\Users\G\Documents\TEC\Maestria\5 abril-julio 2023\Navegación autónoma\entregas\5\simulator-windows-64\DATA2\EXTRAS 2\IMG\center_2023_06_19_18_38_20_958.jpg, C:\Users\G\Documents\TEC\Maestria\5 abril-julio 2023\Navegación autónoma\entregas\5\simulator-windows-64\DATA2\EXTRAS 2\IMG\left_2023_06_19_18_38_20_958.jpg, C:\Users\G\Documents\TEC\Maestria\5 abril-julio 2023\Navegación autónoma\entregas\5\simulator-windows-64\DATA2\EXTRAS 2\IMG\right_2023_06_19_18_38_20_958.jpg, 0.2656212, 1, 0, 30.17275
C:\Users\G\Documents\TEC\Maestria\5 abril-julio 2023\Navegación autónoma\entregas\5\simulator-windows-64\DATA2\EXTRAS 2\IMG\center_2023_06_19_18_38_21_062.jpg, C:\Users\G\Documents\TEC\Maestria\5 abril-julio 2023\Navegación autónoma\entregas\5\simulator-windows-64\DATA2\EXTRAS 2\IMG\left_2023_06_19_18_38_21_062.jpg, C:\Users\G\Documents\TEC\Maestria\5 abril-julio 2023\Navegación autónoma\entregas\5\simulator-windows-64\DATA2\EXTRAS 2\IMG\right_2023_06_19_18_38_21_062.jpg, 0.1315923, 1, 0, 30.19073
C:\Users\G\Documents\TEC\Maestria\5 abril-julio 2023\Navegación autónoma\entregas\5\simulator-windows-64\DATA2\EXTRAS 2\IMG\center_2023_06_19_18_38_21_164.jpg, C:\Users\G\Documents\TEC\Maestria\5 abril-julio 2023\Navegación autónoma\entregas\5\simulator-windows-64\DATA2\EXTRAS 2\IMG\left_2023_06_19_18_38_21_164.jpg, C:\Users\G\Documents\TEC\Maestria\5 abril-julio 2023\Navegación autónoma\entregas\5\simulator-windows-64\DATA2\EXTRAS 2\IMG\right_2023_06_19_18_38_21_164.jpg, 0, 1, 0, 30.18992
C:\Users\G\Documents\TEC\Maestria\5 abril-julio 2023\Navegación autónoma\entregas\5\simulator-windows-64\DATA2\EXTRAS 2\IMG\center_2023_06_19_18_38_21_266.jpg, C:\Users\G\Documents\TEC\Maestria\5 abril-julio 2023\Navegación autónoma\entregas\5\simulator-windows-64\DATA2\EXTRAS 2\IMG\left_2023_06_19_18_38_21_266.jpg, C:\Users\G\Documents\TEC\Maestria\5 abril-julio 2023\Navegación autónoma\entregas\5\simulator-windows-64\DATA2\EXTRAS 2\IMG\right_2023_06_19_18_38_21_266.jpg, 0, 1, 0, 30.1906
C:\Users\G\Documents\TEC\Maestria\5 abril-julio 2023\Navegación autónoma\entregas\5\simulator-windows-64\DATA2\EXTRAS 2\IMG\center_2023_06_19_18_38_21_369.jpg, C:\Users\G\Documents\TEC\Maestria\5 abril-julio 2023\Navegación autónoma\entregas\5\simulator-windows-64\DATA2\EXTRAS 2\IMG\left_2023_06_19_18_38_21_369.jpg, C:\Users\G\Documents\TEC\Maestria\5 abril-julio 2023\Navegación autónoma\entregas\5\simulator-windows-64\DATA2\EXTRAS 2\IMG\right_2023_06_19_18_38_21_369.jpg, 0, 1, 0, 30.19067
C:\Users\G\Documents\TEC\Maestria\5 abril-julio 2023\Navegación autónoma\entregas\5\simulator-windows-64\DATA2\EXTRAS 2\IMG\center_2023_06_19_18_38_21_471.jpg, C:\Users\G\Documents\TEC\Maestria\5 abril-julio 2023\Navegación autónoma\entregas\5\simulator-windows-64\DATA2\EXTRAS 2\IMG\left_2023_06_19_18_38_21_471.jpg, C:\Users\G\Documents\TEC\Maestria\5 abril-julio 2023\Navegación autónoma\entregas\5\simulator-windows-64\DATA2\EXTRAS 2\IMG\right_2023_06_19_18_38_21_471.jpg, -0.0353832, 1, 0, 30.19029
C:\Users\G\Documents\TEC\Maestria\5 abril-julio 2023\Navegación autónoma\entregas\5\simulator-windows-64\DATA2\EXTRAS 2\IMG\center_2023_06_19_18_38_21_576.jpg, C:\Users\G\Documents\TEC\Maestria\5 abril-julio 2023\Navegación autónoma\entregas\5\simulator-windows-64\DATA2\EXTRAS 2\IMG\left_2023_06_19_18_38_21_576.jpg, C:\Users\G\Documents\TEC\Maestria\5 abril-julio 2023\Navegación autónoma\entregas\5\simulator-windows-64\DATA2\EXTRAS 2\IMG\right_2023_06_19_18_38_21_576.jpg, -0.131673, 1, 0, 30.18866
C:\Users\G\Documents\TEC\Maestria\5 abril-julio 2023\Navegación autónoma\entregas\5\simulator-windows-64\DATA2\EXTRAS 2\IMG\center_2023_06_19_18_38_21_678.jpg, C:\Users\G\Documents\TEC\Maestria\5 abril-julio 2023\Navegación autónoma\entregas\5\simulator-windows-64\DATA2\EXTRAS 2\IMG\left_2023_06_19_18_38_21_678.jpg, C:\Users\G\Documents\TEC\Maestria\5 abril-julio 2023\Navegación autónoma\entregas\5\simulator-windows-64\DATA2\EXTRAS 2\IMG\right_2023_06_19_18_38_21_678.jpg, 0, 1, 0, 30.18995
C:\Users\G\Documents\TEC\Maestria\5 abril-julio 2023\Navegación autónoma\entregas\5\simulator-windows-64\DATA2\EXTRAS 2\IMG\center_2023_06_19_18_38_21_781.jpg, C:\Users\G\Documents\TEC\Maestria\5 abril-julio 2023\Navegación autónoma\entregas\5\simulator-windows-64\DATA2\EXTRAS 2\IMG\left_2023_06_19_18_38_21_781.jpg, C:\Users\G\Documents\TEC\Maestria\5 abril-julio 2023\Navegación autónoma\entregas\5\simulator-windows-64\DATA2\EXTRAS 2\IMG\right_2023_06_19_18_38_21_781.jpg, -0.0929235, 1, 0, 30.18876
C:\Users\G\Documents\TEC\Maestria\5 abril-julio 2023\Navegación autónoma\entregas\5\simulator-windows-64\DATA2\EXTRAS 2\IMG\center_2023_06_19_18_38_21_882.jpg, C:\Users\G\Documents\TEC\Maestria\5 abril-julio 2023\Navegación autónoma\entregas\5\simulator-windows-64\DATA2\EXTRAS 2\IMG\left_2023_06_19_18_38_21_882.jpg, C:\Users\G\Documents\TEC\Maestria\5 abril-julio 2023\Navegación autónoma\entregas\5\simulator-windows-64\DATA2\EXTRAS 2\IMG\right_2023_06_19_18_38_21_882.jpg, -0.1490871, 1, 0, 30.18928
C:\Users\G\Documents\TEC\Maestria\5 abril-julio 2023\Navegación autónoma\entregas\5\simulator-windows-64\DATA2\EXTRAS 2\IMG\center_2023_06_19_18_38_21_985.jpg, C:\Users\G\Documents\TEC\Maestria\5 abril-julio 2023\Navegación autónoma\entregas\5\simulator-windows-64\DATA2\EXTRAS 2\IMG\left_2023_06_19_18_38_21_985.jpg, C:\Users\G\Documents\TEC\Maestria\5 abril-julio 2023\Navegación autónoma\entregas\5\simulator-windows-64\DATA2\EXTRAS 2\IMG\right_2023_06_19_18_38_21_985.jpg, 0, 1, 0, 30.18977
C:\Users\G\Documents\TEC\Maestria\5 abril-julio 2023\Navegación autónoma\entregas\5\simulator-windows-64\DATA2\EXTRAS 2\IMG\center_2023_06_19_18_38_22_089.jpg, C:\Users\G\Documents\TEC\Maestria\5 abril-julio 2023\Navegación autónoma\entregas\5\simulator-windows-64\DATA2\EXTRAS 2\IMG\left_2023_06_19_18_38_22_089.jpg, C:\Users\G\Documents\TEC\Maestria\5 abril-julio 2023\Navegación autónoma\entregas\5\simulator-windows-64\DATA2\EXTRAS 2\IMG\right_2023_06_19_18_38_22_089.jpg, 0, 1, 0, 30.19069
C:\Users\G\Documents\TEC\Maestria\5 abril-julio 2023\Navegación autónoma\entregas\5\simulator-windows-64\DATA2\EXTRAS 2\IMG\center_2023_06_19_18_38_23_753.jpg, C:\Users\G\Documents\TEC\Maestria\5 abril-julio 2023\Navegación autónoma\entregas\5\simulator-windows-64\DATA2\EXTRAS 2\IMG\left_2023_06_19_18_38_23_753.jpg, C:\Users\G\Documents\TEC\Maestria\5 abril-julio 2023\Navegación autónoma\entregas\5\simulator-windows-64\DATA2\EXTRAS 2\IMG\right_2023_06_19_18_38_23_753.jpg, 0.2875017, 1, 0, 30.17027
C:\Users\G\Documents\TEC\Maestria\5 abril-julio 2023\Navegación autónoma\entregas\5\simulator-windows-64\DATA2\EXTRAS 2\IMG\center_2023_06_19_18_38_23_858.jpg, C:\Users\G\Documents\TEC\Maestria\5 abril-julio 2023\Navegación autónoma\entregas\5\simulator-windows-64\DATA2\EXTRAS 2\IMG\left_2023_06_19_18_38_23_858.jpg, C:\Users\G\Documents\TEC\Maestria\5 abril-julio 2023\Navegación autónoma\entregas\5\simulator-windows-64\DATA2\EXTRAS 2\IMG\right_2023_06_19_18_38_23_858.jpg, 0.01769461, 1, 0, 30.18999
C:\Users\G\Documents\TEC\Maestria\5 abril-julio 2023\Navegación autónoma\entregas\5\simulator-windows-64\DATA2\EXTRAS 2\IMG\center_2023_06_19_18_38_23_961.jpg, C:\Users\G\Documents\TEC\Maestria\5 abril-julio 2023\Navegación autónoma\entregas\5\simulator-windows-64\DATA2\EXTRAS 2\IMG\left_2023_06_19_18_38_23_961.jpg, C:\Users\G\Documents\TEC\Maestria\5 abril-julio 2023\Navegación autónoma\entregas\5\simulator-windows-64\DATA2\EXTRAS 2\IMG\right_2023_06_19_18_38_23_961.jpg, 0, 1, 0, 30.19024
C:\Users\G\Documents\TEC\Maestria\5 abril-julio 2023\Navegación autónoma\entregas\5\simulator-windows-64\DATA2\EXTRAS 2\IMG\center_2023_06_19_18_38_24_064.jpg, C:\Users\G\Documents\TEC\Maestria\5 abril-julio 2023\Navegación autónoma\entregas\5\simulator-windows-64\DATA2\EXTRAS 2\IMG\left_2023_06_19_18_38_24_064.jpg, C:\Users\G\Documents\TEC\Maestria\5 abril-julio 2023\Navegación autónoma\entregas\5\simulator-windows-64\DATA2\EXTRAS 2\IMG\right_2023_06_19_18_38_24_064.jpg, 0, 1, 0, 30.19057
C:\Users\G\Documents\TEC\Maestria\5 abril-julio 2023\Navegación autónoma\entregas\5\simulator-windows-64\DATA2\EXTRAS 2\IMG\center_2023_06_19_18_38_24_166.jpg, C:\Users\G\Documents\TEC\Maestria\5 abril-julio 2023\Navegación autónoma\entregas\5\simulator-windows-64\DATA2\EXTRAS 2\IMG\left_2023_06_19_18_38_24_166.jpg, C:\Users\G\Documents\TEC\Maestria\5 abril-julio 2023\Navegación autónoma\entregas\5\simulator-windows-64\DATA2\EXTRAS 2\IMG\right_2023_06_19_18_38_24_166.jpg, 0, 1, 0, 30.19065
C:\Users\G\Documents\TEC\Maestria\5 abril-julio 2023\Navegación autónoma\entregas\5\simulator-windows-64\DATA2\EXTRAS 2\IMG\center_2023_06_19_18_38_24_271.jpg, C:\Users\G\Documents\TEC\Maestria\5 abril-julio 2023\Navegación autónoma\entregas\5\simulator-windows-64\DATA2\EXTRAS 2\IMG\left_2023_06_19_18_38_24_271.jpg, C:\Users\G\Documents\TEC\Maestria\5 abril-julio 2023\Navegación autónoma\entregas\5\simulator-windows-64\DATA2\EXTRAS 2\IMG\right_2023_06_19_18_38_24_271.jpg, 0, 1, 0, 30.1911
C:\Users\G\Documents\TEC\Maestria\5 abril-julio 2023\Navegación autónoma\entregas\5\simulator-windows-64\DATA2\EXTRAS 2\IMG\center_2023_06_19_18_38_24_376.jpg, C:\Users\G\Documents\TEC\Maestria\5 abril-julio 2023\Navegación autónoma\entregas\5\simulator-windows-64\DATA2\EXTRAS 2\IMG\left_2023_06_19_18_38_24_376.jpg, C:\Users\G\Documents\TEC\Maestria\5 abril-julio 2023\Navegación autónoma\entregas\5\simulator-windows-64\DATA2\EXTRAS 2\IMG\right_2023_06_19_18_38_24_376.jpg, -0.3131682, 1, 0, 30.16572
C:\Users\G\Documents\TEC\Maestria\5 abril-julio 2023\Navegación autónoma\entregas\5\simulator-windows-64\DATA2\EXTRAS 2\IMG\center_2023_06_19_18_38_24_479.jpg, C:\Users\G\Documents\TEC\Maestria\5 abril-julio 2023\Navegación autónoma\entregas\5\simulator-windows-64\DATA2\EXTRAS 2\IMG\left_2023_06_19_18_38_24_479.jpg, C:\Users\G\Documents\TEC\Maestria\5 abril-julio 2023\Navegación autónoma\entregas\5\simulator-windows-64\DATA2\EXTRAS 2\IMG\right_2023_06_19_18_38_24_479.jpg, -0.3979167, 1, 0, 30.1711
C:\Users\G\Documents\TEC\Maestria\5 abril-julio 2023\Navegación autónoma\entregas\5\simulator-windows-64\DATA2\EXTRAS 2\IMG\center_2023_06_19_18_38_24_581.jpg, C:\Users\G\Documents\TEC\Maestria\5 abril-julio 2023\Navegación autónoma\entregas\5\simulator-windows-64\DATA2\EXTRAS 2\IMG\left_2023_06_19_18_38_24_581.jpg, C:\Users\G\Documents\TEC\Maestria\5 abril-julio 2023\Navegación autónoma\entregas\5\simulator-windows-64\DATA2\EXTRAS 2\IMG\right_2023_06_19_18_38_24_581.jpg, -0.09303756, 1, 0, 30.19104
C:\Users\G\Documents\TEC\Maestria\5 abril-julio 2023\Navegación autónoma\entregas\5\simulator-windows-64\DATA2\EXTRAS 2\IMG\center_2023_06_19_18_38_24_684.jpg, C:\Users\G\Documents\TEC\Maestria\5 abril-julio 2023\Navegación autónoma\entregas\5\simulator-windows-64\DATA2\EXTRAS 2\IMG\left_2023_06_19_18_38_24_684.jpg, C:\Users\G\Documents\TEC\Maestria\5 abril-julio 2023\Navegación autónoma\entregas\5\simulator-windows-64\DATA2\EXTRAS 2\IMG\right_2023_06_19_18_38_24_684.jpg, 0, 1, 0, 30.18878
C:\Users\G\Documents\TEC\Maestria\5 abril-julio 2023\Navegación autónoma\entregas\5\simulator-windows-64\DATA2\EXTRAS 2\IMG\center_2023_06_19_18_38_24_789.jpg, C:\Users\G\Documents\TEC\Maestria\5 abril-julio 2023\Navegación autónoma\entregas\5\simulator-windows-64\DATA2\EXTRAS 2\IMG\left_2023_06_19_18_38_24_789.jpg, C:\Users\G\Documents\TEC\Maestria\5 abril-julio 2023\Navegación autónoma\entregas\5\simulator-windows-64\DATA2\EXTRAS 2\IMG\right_2023_06_19_18_38_24_789.jpg, 0, 1, 0, 30.19019
C:\Users\G\Documents\TEC\Maestria\5 abril-julio 2023\Navegación autónoma\entregas\5\simulator-windows-64\DATA2\EXTRAS 2\IMG\center_2023_06_19_18_38_24_891.jpg, C:\Users\G\Documents\TEC\Maestria\5 abril-julio 2023\Navegación autónoma\entregas\5\simulator-windows-64\DATA2\EXTRAS 2\IMG\left_2023_06_19_18_38_24_891.jpg, C:\Users\G\Documents\TEC\Maestria\5 abril-julio 2023\Navegación autónoma\entregas\5\simulator-windows-64\DATA2\EXTRAS 2\IMG\right_2023_06_19_18_38_24_891.jpg, 0, 1, 0, 30.19031
C:\Users\G\Documents\TEC\Maestria\5 abril-julio 2023\Navegación autónoma\entregas\5\simulator-windows-64\DATA2\EXTRAS 2\IMG\center_2023_06_19_18_38_24_995.jpg, C:\Users\G\Documents\TEC\Maestria\5 abril-julio 2023\Navegación autónoma\entregas\5\simulator-windows-64\DATA2\EXTRAS 2\IMG\left_2023_06_19_18_38_24_995.jpg, C:\Users\G\Documents\TEC\Maestria\5 abril-julio 2023\Navegación autónoma\entregas\5\simulator-windows-64\DATA2\EXTRAS 2\IMG\right_2023_06_19_18_38_24_995.jpg, 0, 1, 0, 30.19029
C:\Users\G\Documents\TEC\Maestria\5 abril-julio 2023\Navegación autónoma\entregas\5\simulator-windows-64\DATA2\EXTRAS 2\IMG\center_2023_06_19_18_38_25_096.jpg, C:\Users\G\Documents\TEC\Maestria\5 abril-julio 2023\Navegación autónoma\entregas\5\simulator-windows-64\DATA2\EXTRAS 2\IMG\left_2023_06_19_18_38_25_096.jpg, C:\Users\G\Documents\TEC\Maestria\5 abril-julio 2023\Navegación autónoma\entregas\5\simulator-windows-64\DATA2\EXTRAS 2\IMG\right_2023_06_19_18_38_25_096.jpg, 0, 1, 0, 30.1903
C:\Users\G\Documents\TEC\Maestria\5 abril-julio 2023\Navegación autónoma\entregas\5\simulator-windows-64\DATA2\EXTRAS 2\IMG\center_2023_06_19_18_38_25_198.jpg, C:\Users\G\Documents\TEC\Maestria\5 abril-julio 2023\Navegación autónoma\entregas\5\simulator-windows-64\DATA2\EXTRAS 2\IMG\left_2023_06_19_18_38_25_198.jpg, C:\Users\G\Documents\TEC\Maestria\5 abril-julio 2023\Navegación autónoma\entregas\5\simulator-windows-64\DATA2\EXTRAS 2\IMG\right_2023_06_19_18_38_25_198.jpg, 0, 1, 0, 30.19077
C:\Users\G\Documents\TEC\Maestria\5 abril-julio 2023\Navegación autónoma\entregas\5\simulator-windows-64\DATA2\EXTRAS 2\IMG\center_2023_06_19_18_38_31_499.jpg, C:\Users\G\Documents\TEC\Maestria\5 abril-julio 2023\Navegación autónoma\entregas\5\simulator-windows-64\DATA2\EXTRAS 2\IMG\left_2023_06_19_18_38_31_499.jpg, C:\Users\G\Documents\TEC\Maestria\5 abril-julio 2023\Navegación autónoma\entregas\5\simulator-windows-64\DATA2\EXTRAS 2\IMG\right_2023_06_19_18_38_31_499.jpg, 0.05981671, 1, 0, 30.19114
C:\Users\G\Documents\TEC\Maestria\5 abril-julio 2023\Navegación autónoma\entregas\5\simulator-windows-64\DATA2\EXTRAS 2\IMG\center_2023_06_19_18_38_31_604.jpg, C:\Users\G\Documents\TEC\Maestria\5 abril-julio 2023\Navegación autónoma\entregas\5\simulator-windows-64\DATA2\EXTRAS 2\IMG\left_2023_06_19_18_38_31_604.jpg, C:\Users\G\Documents\TEC\Maestria\5 abril-julio 2023\Navegación autónoma\entregas\5\simulator-windows-64\DATA2\EXTRAS 2\IMG\right_2023_06_19_18_38_31_604.jpg, -0.1782021, 1, 0, 30.17767
C:\Users\G\Documents\TEC\Maestria\5 abril-julio 2023\Navegación autónoma\entregas\5\simulator-windows-64\DATA2\EXTRAS 2\IMG\center_2023_06_19_18_38_31_707.jpg, C:\Users\G\Documents\TEC\Maestria\5 abril-julio 2023\Navegación autónoma\entregas\5\simulator-windows-64\DATA2\EXTRAS 2\IMG\left_2023_06_19_18_38_31_707.jpg, C:\Users\G\Documents\TEC\Maestria\5 abril-julio 2023\Navegación autónoma\entregas\5\simulator-windows-64\DATA2\EXTRAS 2\IMG\right_2023_06_19_18_38_31_707.jpg, -0.2150289, 1, 0, 30.18408
C:\Users\G\Documents\TEC\Maestria\5 abril-julio 2023\Navegación autónoma\entregas\5\simulator-windows-64\DATA2\EXTRAS 2\IMG\center_2023_06_19_18_38_31_810.jpg, C:\Users\G\Documents\TEC\Maestria\5 abril-julio 2023\Navegación autónoma\entregas\5\simulator-windows-64\DATA2\EXTRAS 2\IMG\left_2023_06_19_18_38_31_810.jpg, C:\Users\G\Documents\TEC\Maestria\5 abril-julio 2023\Navegación autónoma\entregas\5\simulator-windows-64\DATA2\EXTRAS 2\IMG\right_2023_06_19_18_38_31_810.jpg, 0, 1, 0, 30.18893
C:\Users\G\Documents\TEC\Maestria\5 abril-julio 2023\Navegación autónoma\entregas\5\simulator-windows-64\DATA2\EXTRAS 2\IMG\center_2023_06_19_18_38_31_910.jpg, C:\Users\G\Documents\TEC\Maestria\5 abril-julio 2023\Navegación autónoma\entregas\5\simulator-windows-64\DATA2\EXTRAS 2\IMG\left_2023_06_19_18_38_31_910.jpg, C:\Users\G\Documents\TEC\Maestria\5 abril-julio 2023\Navegación autónoma\entregas\5\simulator-windows-64\DATA2\EXTRAS 2\IMG\right_2023_06_19_18_38_31_910.jpg, 0, 1, 0, 30.19044
C:\Users\G\Documents\TEC\Maestria\5 abril-julio 2023\Navegación autónoma\entregas\5\simulator-windows-64\DATA2\EXTRAS 2\IMG\center_2023_06_19_18_38_32_013.jpg, C:\Users\G\Documents\TEC\Maestria\5 abril-julio 2023\Navegación autónoma\entregas\5\simulator-windows-64\DATA2\EXTRAS 2\IMG\left_2023_06_19_18_38_32_013.jpg, C:\Users\G\Documents\TEC\Maestria\5 abril-julio 2023\Navegación autónoma\entregas\5\simulator-windows-64\DATA2\EXTRAS 2\IMG\right_2023_06_19_18_38_32_013.jpg, 0, 1, 0, 30.18997
C:\Users\G\Documents\TEC\Maestria\5 abril-julio 2023\Navegación autónoma\entregas\5\simulator-windows-64\DATA2\EXTRAS 2\IMG\center_2023_06_19_18_38_32_117.jpg, C:\Users\G\Documents\TEC\Maestria\5 abril-julio 2023\Navegación autónoma\entregas\5\simulator-windows-64\DATA2\EXTRAS 2\IMG\left_2023_06_19_18_38_32_117.jpg, C:\Users\G\Documents\TEC\Maestria\5 abril-julio 2023\Navegación autónoma\entregas\5\simulator-windows-64\DATA2\EXTRAS 2\IMG\right_2023_06_19_18_38_32_117.jpg, -0.3467082, 1, 0, 30.16326
C:\Users\G\Documents\TEC\Maestria\5 abril-julio 2023\Navegación autónoma\entregas\5\simulator-windows-64\DATA2\EXTRAS 2\IMG\center_2023_06_19_18_38_32_218.jpg, C:\Users\G\Documents\TEC\Maestria\5 abril-julio 2023\Navegación autónoma\entregas\5\simulator-windows-64\DATA2\EXTRAS 2\IMG\left_2023_06_19_18_38_32_218.jpg, C:\Users\G\Documents\TEC\Maestria\5 abril-julio 2023\Navegación autónoma\entregas\5\simulator-windows-64\DATA2\EXTRAS 2\IMG\right_2023_06_19_18_38_32_218.jpg, -0.3740508, 1, 0, 30.17751
C:\Users\G\Documents\TEC\Maestria\5 abril-julio 2023\Navegación autónoma\entregas\5\simulator-windows-64\DATA2\EXTRAS 2\IMG\center_2023_06_19_18_38_32_320.jpg, C:\Users\G\Documents\TEC\Maestria\5 abril-julio 2023\Navegación autónoma\entregas\5\simulator-windows-64\DATA2\EXTRAS 2\IMG\left_2023_06_19_18_38_32_320.jpg, C:\Users\G\Documents\TEC\Maestria\5 abril-julio 2023\Navegación autónoma\entregas\5\simulator-windows-64\DATA2\EXTRAS 2\IMG\right_2023_06_19_18_38_32_320.jpg, -0.07975683, 1, 0, 30.19106
C:\Users\G\Documents\TEC\Maestria\5 abril-julio 2023\Navegación autónoma\entregas\5\simulator-windows-64\DATA2\EXTRAS 2\IMG\center_2023_06_19_18_38_32_424.jpg, C:\Users\G\Documents\TEC\Maestria\5 abril-julio 2023\Navegación autónoma\entregas\5\simulator-windows-64\DATA2\EXTRAS 2\IMG\left_2023_06_19_18_38_32_424.jpg, C:\Users\G\Documents\TEC\Maestria\5 abril-julio 2023\Navegación autónoma\entregas\5\simulator-windows-64\DATA2\EXTRAS 2\IMG\right_2023_06_19_18_38_32_424.jpg, 0, 1, 0, 30.1892
C:\Users\G\Documents\TEC\Maestria\5 abril-julio 2023\Navegación autónoma\entregas\5\simulator-windows-64\DATA2\EXTRAS 2\IMG\center_2023_06_19_18_38_32_524.jpg, C:\Users\G\Documents\TEC\Maestria\5 abril-julio 2023\Navegación autónoma\entregas\5\simulator-windows-64\DATA2\EXTRAS 2\IMG\left_2023_06_19_18_38_32_524.jpg, C:\Users\G\Documents\TEC\Maestria\5 abril-julio 2023\Navegación autónoma\entregas\5\simulator-windows-64\DATA2\EXTRAS 2\IMG\right_2023_06_19_18_38_32_524.jpg, -0.1843026, 1, 0, 30.18561
C:\Users\G\Documents\TEC\Maestria\5 abril-julio 2023\Navegación autónoma\entregas\5\simulator-windows-64\DATA2\EXTRAS 2\IMG\center_2023_06_19_18_38_32_628.jpg, C:\Users\G\Documents\TEC\Maestria\5 abril-julio 2023\Navegación autónoma\entregas\5\simulator-windows-64\DATA2\EXTRAS 2\IMG\left_2023_06_19_18_38_32_628.jpg, C:\Users\G\Documents\TEC\Maestria\5 abril-julio 2023\Navegación autónoma\entregas\5\simulator-windows-64\DATA2\EXTRAS 2\IMG\right_2023_06_19_18_38_32_628.jpg, 0, 1, 0, 30.18966
C:\Users\G\Documents\TEC\Maestria\5 abril-julio 2023\Navegación autónoma\entregas\5\simulator-windows-64\DATA2\EXTRAS 2\IMG\center_2023_06_19_18_38_32_729.jpg, C:\Users\G\Documents\TEC\Maestria\5 abril-julio 2023\Navegación autónoma\entregas\5\simulator-windows-64\DATA2\EXTRAS 2\IMG\left_2023_06_19_18_38_32_729.jpg, C:\Users\G\Documents\TEC\Maestria\5 abril-julio 2023\Navegación autónoma\entregas\5\simulator-windows-64\DATA2\EXTRAS 2\IMG\right_2023_06_19_18_38_32_729.jpg, 0, 1, 0, 30.18999
C:\Users\G\Documents\TEC\Maestria\5 abril-julio 2023\Navegación autónoma\entregas\5\simulator-windows-64\DATA2\EXTRAS 2\IMG\center_2023_06_19_18_38_32_829.jpg, C:\Users\G\Documents\TEC\Maestria\5 abril-julio 2023\Navegación autónoma\entregas\5\simulator-windows-64\DATA2\EXTRAS 2\IMG\left_2023_06_19_18_38_32_829.jpg, C:\Users\G\Documents\TEC\Maestria\5 abril-julio 2023\Navegación autónoma\entregas\5\simulator-windows-64\DATA2\EXTRAS 2\IMG\right_2023_06_19_18_38_32_829.jpg, -0.2993154, 1, 0, 30.17001
C:\Users\G\Documents\TEC\Maestria\5 abril-julio 2023\Navegación autónoma\entregas\5\simulator-windows-64\DATA2\EXTRAS 2\IMG\center_2023_06_19_18_38_32_931.jpg, C:\Users\G\Documents\TEC\Maestria\5 abril-julio 2023\Navegación autónoma\entregas\5\simulator-windows-64\DATA2\EXTRAS 2\IMG\left_2023_06_19_18_38_32_931.jpg, C:\Users\G\Documents\TEC\Maestria\5 abril-julio 2023\Navegación autónoma\entregas\5\simulator-windows-64\DATA2\EXTRAS 2\IMG\right_2023_06_19_18_38_32_931.jpg, -0.05841477, 1, 0, 30.19118
C:\Users\G\Documents\TEC\Maestria\5 abril-julio 2023\Navegación autónoma\entregas\5\simulator-windows-64\DATA2\EXTRAS 2\IMG\center_2023_06_19_18_38_33_034.jpg, C:\Users\G\Documents\TEC\Maestria\5 abril-julio 2023\Navegación autónoma\entregas\5\simulator-windows-64\DATA2\EXTRAS 2\IMG\left_2023_06_19_18_38_33_034.jpg, C:\Users\G\Documents\TEC\Maestria\5 abril-julio 2023\Navegación autónoma\entregas\5\simulator-windows-64\DATA2\EXTRAS 2\IMG\right_2023_06_19_18_38_33_034.jpg, -0.067494, 1, 0, 30.1903
C:\Users\G\Documents\TEC\Maestria\5 abril-julio 2023\Navegación autónoma\entregas\5\simulator-windows-64\DATA2\EXTRAS 2\IMG\center_2023_06_19_18_38_33_137.jpg, C:\Users\G\Documents\TEC\Maestria\5 abril-julio 2023\Navegación autónoma\entregas\5\simulator-windows-64\DATA2\EXTRAS 2\IMG\left_2023_06_19_18_38_33_137.jpg, C:\Users\G\Documents\TEC\Maestria\5 abril-julio 2023\Navegación autónoma\entregas\5\simulator-windows-64\DATA2\EXTRAS 2\IMG\right_2023_06_19_18_38_33_137.jpg, -0.09665582, 1, 0, 30.19083
C:\Users\G\Documents\TEC\Maestria\5 abril-julio 2023\Navegación autónoma\entregas\5\simulator-windows-64\DATA2\EXTRAS 2\IMG\center_2023_06_19_18_38_33_240.jpg, C:\Users\G\Documents\TEC\Maestria\5 abril-julio 2023\Navegación autónoma\entregas\5\simulator-windows-64\DATA2\EXTRAS 2\IMG\left_2023_06_19_18_38_33_240.jpg, C:\Users\G\Documents\TEC\Maestria\5 abril-julio 2023\Navegación autónoma\entregas\5\simulator-windows-64\DATA2\EXTRAS 2\IMG\right_2023_06_19_18_38_33_240.jpg, 0, 1, 0, 30.19005
C:\Users\G\Documents\TEC\Maestria\5 abril-julio 2023\Navegación autónoma\entregas\5\simulator-windows-64\DATA2\EXTRAS 2\IMG\center_2023_06_19_18_38_33_343.jpg, C:\Users\G\Documents\TEC\Maestria\5 abril-julio 2023\Navegación autónoma\entregas\5\simulator-windows-64\DATA2\EXTRAS 2\IMG\left_2023_06_19_18_38_33_343.jpg, C:\Users\G\Documents\TEC\Maestria\5 abril-julio 2023\Navegación autónoma\entregas\5\simulator-windows-64\DATA2\EXTRAS 2\IMG\right_2023_06_19_18_38_33_343.jpg, 0, 1, 0, 30.19023
C:\Users\G\Documents\TEC\Maestria\5 abril-julio 2023\Navegación autónoma\entregas\5\simulator-windows-64\DATA2\EXTRAS 2\IMG\center_2023_06_19_18_38_33_445.jpg, C:\Users\G\Documents\TEC\Maestria\5 abril-julio 2023\Navegación autónoma\entregas\5\simulator-windows-64\DATA2\EXTRAS 2\IMG\left_2023_06_19_18_38_33_445.jpg, C:\Users\G\Documents\TEC\Maestria\5 abril-julio 2023\Navegación autónoma\entregas\5\simulator-windows-64\DATA2\EXTRAS 2\IMG\right_2023_06_19_18_38_33_445.jpg, -0.0800307, 1, 0, 30.18861
C:\Users\G\Documents\TEC\Maestria\5 abril-julio 2023\Navegación autónoma\entregas\5\simulator-windows-64\DATA2\EXTRAS 2\IMG\center_2023_06_19_18_38_33_548.jpg, C:\Users\G\Documents\TEC\Maestria\5 abril-julio 2023\Navegación autónoma\entregas\5\simulator-windows-64\DATA2\EXTRAS 2\IMG\left_2023_06_19_18_38_33_548.jpg, C:\Users\G\Documents\TEC\Maestria\5 abril-julio 2023\Navegación autónoma\entregas\5\simulator-windows-64\DATA2\EXTRAS 2\IMG\right_2023_06_19_18_38_33_548.jpg, -0.2912385, 1, 0, 30.17147
C:\Users\G\Documents\TEC\Maestria\5 abril-julio 2023\Navegación autónoma\entregas\5\simulator-windows-64\DATA2\EXTRAS 2\IMG\center_2023_06_19_18_38_33_652.jpg, C:\Users\G\Documents\TEC\Maestria\5 abril-julio 2023\Navegación autónoma\entregas\5\simulator-windows-64\DATA2\EXTRAS 2\IMG\left_2023_06_19_18_38_33_652.jpg, C:\Users\G\Documents\TEC\Maestria\5 abril-julio 2023\Navegación autónoma\entregas\5\simulator-windows-64\DATA2\EXTRAS 2\IMG\right_2023_06_19_18_38_33_652.jpg, 0, 1, 0, 30.18897
C:\Users\G\Documents\TEC\Maestria\5 abril-julio 2023\Navegación autónoma\entregas\5\simulator-windows-64\DATA2\EXTRAS 2\IMG\center_2023_06_19_18_38_33_753.jpg, C:\Users\G\Documents\TEC\Maestria\5 abril-julio 2023\Navegación autónoma\entregas\5\simulator-windows-64\DATA2\EXTRAS 2\IMG\left_2023_06_19_18_38_33_753.jpg, C:\Users\G\Documents\TEC\Maestria\5 abril-julio 2023\Navegación autónoma\entregas\5\simulator-windows-64\DATA2\EXTRAS 2\IMG\right_2023_06_19_18_38_33_753.jpg, 0, 1, 0, 30.19002
C:\Users\G\Documents\TEC\Maestria\5 abril-julio 2023\Navegación autónoma\entregas\5\simulator-windows-64\DATA2\EXTRAS 2\IMG\center_2023_06_19_18_38_33_857.jpg, C:\Users\G\Documents\TEC\Maestria\5 abril-julio 2023\Navegación autónoma\entregas\5\simulator-windows-64\DATA2\EXTRAS 2\IMG\left_2023_06_19_18_38_33_857.jpg, C:\Users\G\Documents\TEC\Maestria\5 abril-julio 2023\Navegación autónoma\entregas\5\simulator-windows-64\DATA2\EXTRAS 2\IMG\right_2023_06_19_18_38_33_857.jpg, 0, 1, 0, 30.19031
C:\Users\G\Documents\TEC\Maestria\5 abril-julio 2023\Navegación autónoma\entregas\5\simulator-windows-64\DATA2\EXTRAS 2\IMG\center_2023_06_19_18_38_33_959.jpg, C:\Users\G\Documents\TEC\Maestria\5 abril-julio 2023\Navegación autónoma\entregas\5\simulator-windows-64\DATA2\EXTRAS 2\IMG\left_2023_06_19_18_38_33_959.jpg, C:\Users\G\Documents\TEC\Maestria\5 abril-julio 2023\Navegación autónoma\entregas\5\simulator-windows-64\DATA2\EXTRAS 2\IMG\right_2023_06_19_18_38_33_959.jpg, -0.0892245, 1, 0, 30.18884
C:\Users\G\Documents\TEC\Maestria\5 abril-julio 2023\Navegación autónoma\entregas\5\simulator-windows-64\DATA2\EXTRAS 2\IMG\center_2023_06_19_18_38_34_064.jpg, C:\Users\G\Documents\TEC\Maestria\5 abril-julio 2023\Navegación autónoma\entregas\5\simulator-windows-64\DATA2\EXTRAS 2\IMG\left_2023_06_19_18_38_34_064.jpg, C:\Users\G\Documents\TEC\Maestria\5 abril-julio 2023\Navegación autónoma\entregas\5\simulator-windows-64\DATA2\EXTRAS 2\IMG\right_2023_06_19_18_38_34_064.jpg, -0.1398393, 1, 0, 30.18866
C:\Users\G\Documents\TEC\Maestria\5 abril-julio 2023\Navegación autónoma\entregas\5\simulator-windows-64\DATA2\EXTRAS 2\IMG\center_2023_06_19_18_38_34_164.jpg, C:\Users\G\Documents\TEC\Maestria\5 abril-julio 2023\Navegación autónoma\entregas\5\simulator-windows-64\DATA2\EXTRAS 2\IMG\left_2023_06_19_18_38_34_164.jpg, C:\Users\G\Documents\TEC\Maestria\5 abril-julio 2023\Navegación autónoma\entregas\5\simulator-windows-64\DATA2\EXTRAS 2\IMG\right_2023_06_19_18_38_34_164.jpg, 0, 1, 0, 30.19001
C:\Users\G\Documents\TEC\Maestria\5 abril-julio 2023\Navegación autónoma\entregas\5\simulator-windows-64\DATA2\EXTRAS 2\IMG\center_2023_06_19_18_38_34_268.jpg, C:\Users\G\Documents\TEC\Maestria\5 abril-julio 2023\Navegación autónoma\entregas\5\simulator-windows-64\DATA2\EXTRAS 2\IMG\left_2023_06_19_18_38_34_268.jpg, C:\Users\G\Documents\TEC\Maestria\5 abril-julio 2023\Navegación autónoma\entregas\5\simulator-windows-64\DATA2\EXTRAS 2\IMG\right_2023_06_19_18_38_34_268.jpg, 0, 1, 0, 30.19024
C:\Users\G\Documents\TEC\Maestria\5 abril-julio 2023\Navegación autónoma\entregas\5\simulator-windows-64\DATA2\EXTRAS 2\IMG\center_2023_06_19_18_38_34_371.jpg, C:\Users\G\Documents\TEC\Maestria\5 abril-julio 2023\Navegación autónoma\entregas\5\simulator-windows-64\DATA2\EXTRAS 2\IMG\left_2023_06_19_18_38_34_371.jpg, C:\Users\G\Documents\TEC\Maestria\5 abril-julio 2023\Navegación autónoma\entregas\5\simulator-windows-64\DATA2\EXTRAS 2\IMG\right_2023_06_19_18_38_34_371.jpg, 0, 1, 0, 30.19032
C:\Users\G\Documents\TEC\Maestria\5 abril-julio 2023\Navegación autónoma\entregas\5\simulator-windows-64\DATA2\EXTRAS 2\IMG\center_2023_06_19_18_38_34_475.jpg, C:\Users\G\Documents\TEC\Maestria\5 abril-julio 2023\Navegación autónoma\entregas\5\simulator-windows-64\DATA2\EXTRAS 2\IMG\left_2023_06_19_18_38_34_475.jpg, C:\Users\G\Documents\TEC\Maestria\5 abril-julio 2023\Navegación autónoma\entregas\5\simulator-windows-64\DATA2\EXTRAS 2\IMG\right_2023_06_19_18_38_34_475.jpg, 0, 1, 0, 30.19029
C:\Users\G\Documents\TEC\Maestria\5 abril-julio 2023\Navegación autónoma\entregas\5\simulator-windows-64\DATA2\EXTRAS 2\IMG\center_2023_06_19_18_38_36_623.jpg, C:\Users\G\Documents\TEC\Maestria\5 abril-julio 2023\Navegación autónoma\entregas\5\simulator-windows-64\DATA2\EXTRAS 2\IMG\left_2023_06_19_18_38_36_623.jpg, C:\Users\G\Documents\TEC\Maestria\5 abril-julio 2023\Navegación autónoma\entregas\5\simulator-windows-64\DATA2\EXTRAS 2\IMG\right_2023_06_19_18_38_36_623.jpg, 0.1921707, 1, 0, 30.18033
C:\Users\G\Documents\TEC\Maestria\5 abril-julio 2023\Navegación autónoma\entregas\5\simulator-windows-64\DATA2\EXTRAS 2\IMG\center_2023_06_19_18_38_36_726.jpg, C:\Users\G\Documents\TEC\Maestria\5 abril-julio 2023\Navegación autónoma\entregas\5\simulator-windows-64\DATA2\EXTRAS 2\IMG\left_2023_06_19_18_38_36_726.jpg, C:\Users\G\Documents\TEC\Maestria\5 abril-julio 2023\Navegación autónoma\entregas\5\simulator-windows-64\DATA2\EXTRAS 2\IMG\right_2023_06_19_18_38_36_726.jpg, 0.3364359, 1, 0, 30.17052
C:\Users\G\Documents\TEC\Maestria\5 abril-julio 2023\Navegación autónoma\entregas\5\simulator-windows-64\DATA2\EXTRAS 2\IMG\center_2023_06_19_18_38_36_828.jpg, C:\Users\G\Documents\TEC\Maestria\5 abril-julio 2023\Navegación autónoma\entregas\5\simulator-windows-64\DATA2\EXTRAS 2\IMG\left_2023_06_19_18_38_36_828.jpg, C:\Users\G\Documents\TEC\Maestria\5 abril-julio 2023\Navegación autónoma\entregas\5\simulator-windows-64\DATA2\EXTRAS 2\IMG\right_2023_06_19_18_38_36_828.jpg, 0.03239337, 1, 0, 30.18988
C:\Users\G\Documents\TEC\Maestria\5 abril-julio 2023\Navegación autónoma\entregas\5\simulator-windows-64\DATA2\EXTRAS 2\IMG\center_2023_06_19_18_38_36_931.jpg, C:\Users\G\Documents\TEC\Maestria\5 abril-julio 2023\Navegación autónoma\entregas\5\simulator-windows-64\DATA2\EXTRAS 2\IMG\left_2023_06_19_18_38_36_931.jpg, C:\Users\G\Documents\TEC\Maestria\5 abril-julio 2023\Navegación autónoma\entregas\5\simulator-windows-64\DATA2\EXTRAS 2\IMG\right_2023_06_19_18_38_36_931.jpg, 0, 1, 0, 30.18999
C:\Users\G\Documents\TEC\Maestria\5 abril-julio 2023\Navegación autónoma\entregas\5\simulator-windows-64\DATA2\EXTRAS 2\IMG\center_2023_06_19_18_38_37_035.jpg, C:\Users\G\Documents\TEC\Maestria\5 abril-julio 2023\Navegación autónoma\entregas\5\simulator-windows-64\DATA2\EXTRAS 2\IMG\left_2023_06_19_18_38_37_035.jpg, C:\Users\G\Documents\TEC\Maestria\5 abril-julio 2023\Navegación autónoma\entregas\5\simulator-windows-64\DATA2\EXTRAS 2\IMG\right_2023_06_19_18_38_37_035.jpg, 0, 1, 0, 30.18997
C:\Users\G\Documents\TEC\Maestria\5 abril-julio 2023\Navegación autónoma\entregas\5\simulator-windows-64\DATA2\EXTRAS 2\IMG\center_2023_06_19_18_38_37_138.jpg, C:\Users\G\Documents\TEC\Maestria\5 abril-julio 2023\Navegación autónoma\entregas\5\simulator-windows-64\DATA2\EXTRAS 2\IMG\left_2023_06_19_18_38_37_138.jpg, C:\Users\G\Documents\TEC\Maestria\5 abril-julio 2023\Navegación autónoma\entregas\5\simulator-windows-64\DATA2\EXTRAS 2\IMG\right_2023_06_19_18_38_37_138.jpg, -0.1952916, 1, 0, 30.1785
C:\Users\G\Documents\TEC\Maestria\5 abril-julio 2023\Navegación autónoma\entregas\5\simulator-windows-64\DATA2\EXTRAS 2\IMG\center_2023_06_19_18_38_37_242.jpg, C:\Users\G\Documents\TEC\Maestria\5 abril-julio 2023\Navegación autónoma\entregas\5\simulator-windows-64\DATA2\EXTRAS 2\IMG\left_2023_06_19_18_38_37_242.jpg, C:\Users\G\Documents\TEC\Maestria\5 abril-julio 2023\Navegación autónoma\entregas\5\simulator-windows-64\DATA2\EXTRAS 2\IMG\right_2023_06_19_18_38_37_242.jpg, -0.04735233, 1, 0, 30.18974
C:\Users\G\Documents\TEC\Maestria\5 abril-julio 2023\Navegación autónoma\entregas\5\simulator-windows-64\DATA2\EXTRAS 2\IMG\center_2023_06_19_18_38_37_345.jpg, C:\Users\G\Documents\TEC\Maestria\5 abril-julio 2023\Navegación autónoma\entregas\5\simulator-windows-64\DATA2\EXTRAS 2\IMG\left_2023_06_19_18_38_37_345.jpg, C:\Users\G\Documents\TEC\Maestria\5 abril-julio 2023\Navegación autónoma\entregas\5\simulator-windows-64\DATA2\EXTRAS 2\IMG\right_2023_06_19_18_38_37_345.jpg, 0, 1, 0, 30.18992
C:\Users\G\Documents\TEC\Maestria\5 abril-julio 2023\Navegación autónoma\entregas\5\simulator-windows-64\DATA2\EXTRAS 2\IMG\center_2023_06_19_18_38_37_447.jpg, C:\Users\G\Documents\TEC\Maestria\5 abril-julio 2023\Navegación autónoma\entregas\5\simulator-windows-64\DATA2\EXTRAS 2\IMG\left_2023_06_19_18_38_37_447.jpg, C:\Users\G\Documents\TEC\Maestria\5 abril-julio 2023\Navegación autónoma\entregas\5\simulator-windows-64\DATA2\EXTRAS 2\IMG\right_2023_06_19_18_38_37_447.jpg, -0.2802081, 1, 0, 30.17299
C:\Users\G\Documents\TEC\Maestria\5 abril-julio 2023\Navegación autónoma\entregas\5\simulator-windows-64\DATA2\EXTRAS 2\IMG\center_2023_06_19_18_38_37_547.jpg, C:\Users\G\Documents\TEC\Maestria\5 abril-julio 2023\Navegación autónoma\entregas\5\simulator-windows-64\DATA2\EXTRAS 2\IMG\left_2023_06_19_18_38_37_547.jpg, C:\Users\G\Documents\TEC\Maestria\5 abril-julio 2023\Navegación autónoma\entregas\5\simulator-windows-64\DATA2\EXTRAS 2\IMG\right_2023_06_19_18_38_37_547.jpg, -0.004593326, 1, 0, 30.18956
C:\Users\G\Documents\TEC\Maestria\5 abril-julio 2023\Navegación autónoma\entregas\5\simulator-windows-64\DATA2\EXTRAS 2\IMG\center_2023_06_19_18_38_37_652.jpg, C:\Users\G\Documents\TEC\Maestria\5 abril-julio 2023\Navegación autónoma\entregas\5\simulator-windows-64\DATA2\EXTRAS 2\IMG\left_2023_06_19_18_38_37_652.jpg, C:\Users\G\Documents\TEC\Maestria\5 abril-julio 2023\Navegación autónoma\entregas\5\simulator-windows-64\DATA2\EXTRAS 2\IMG\right_2023_06_19_18_38_37_652.jpg, -0.039009, 1, 0, 30.19021
C:\Users\G\Documents\TEC\Maestria\5 abril-julio 2023\Navegación autónoma\entregas\5\simulator-windows-64\DATA2\EXTRAS 2\IMG\center_2023_06_19_18_38_37_755.jpg, C:\Users\G\Documents\TEC\Maestria\5 abril-julio 2023\Navegación autónoma\entregas\5\simulator-windows-64\DATA2\EXTRAS 2\IMG\left_2023_06_19_18_38_37_755.jpg, C:\Users\G\Documents\TEC\Maestria\5 abril-julio 2023\Navegación autónoma\entregas\5\simulator-windows-64\DATA2\EXTRAS 2\IMG\right_2023_06_19_18_38_37_755.jpg, -0.03852328, 1, 0, 30.19088
C:\Users\G\Documents\TEC\Maestria\5 abril-julio 2023\Navegación autónoma\entregas\5\simulator-windows-64\DATA2\EXTRAS 2\IMG\center_2023_06_19_18_38_37_860.jpg, C:\Users\G\Documents\TEC\Maestria\5 abril-julio 2023\Navegación autónoma\entregas\5\simulator-windows-64\DATA2\EXTRAS 2\IMG\left_2023_06_19_18_38_37_860.jpg, C:\Users\G\Documents\TEC\Maestria\5 abril-julio 2023\Navegación autónoma\entregas\5\simulator-windows-64\DATA2\EXTRAS 2\IMG\right_2023_06_19_18_38_37_860.jpg, 0, 1, 0, 30.19022
C:\Users\G\Documents\TEC\Maestria\5 abril-julio 2023\Navegación autónoma\entregas\5\simulator-windows-64\DATA2\EXTRAS 2\IMG\center_2023_06_19_18_38_37_965.jpg, C:\Users\G\Documents\TEC\Maestria\5 abril-julio 2023\Navegación autónoma\entregas\5\simulator-windows-64\DATA2\EXTRAS 2\IMG\left_2023_06_19_18_38_37_965.jpg, C:\Users\G\Documents\TEC\Maestria\5 abril-julio 2023\Navegación autónoma\entregas\5\simulator-windows-64\DATA2\EXTRAS 2\IMG\right_2023_06_19_18_38_37_965.jpg, 0, 1, 0, 30.19029
C:\Users\G\Documents\TEC\Maestria\5 abril-julio 2023\Navegación autónoma\entregas\5\simulator-windows-64\DATA2\EXTRAS 2\IMG\center_2023_06_19_18_38_38_066.jpg, C:\Users\G\Documents\TEC\Maestria\5 abril-julio 2023\Navegación autónoma\entregas\5\simulator-windows-64\DATA2\EXTRAS 2\IMG\left_2023_06_19_18_38_38_066.jpg, C:\Users\G\Documents\TEC\Maestria\5 abril-julio 2023\Navegación autónoma\entregas\5\simulator-windows-64\DATA2\EXTRAS 2\IMG\right_2023_06_19_18_38_38_066.jpg, 0, 1, 0, 30.19031
